<?xml version="1.0" encoding="UTF-8" standalone="no"?>
<manifest xmlns="http://tizen.org/ns/packages" api-version="6.0" package="org.example.video-app" version="1.0.0">
    <profile name="da-hfp"/>
    <ui-application appid="org.example.video-app" exec="video-app" launch_mode="single" multiple="false" nodisplay="false" taskmanage="true" type="capp">
        <label>video-app</label>
        <icon>video-app.png</icon>
    </ui-application>
    <privileges>
        <privilege>http://tizen.org/privilege/internet</privilege>
    </privileges>
</manifest>
